market,asin,parent,name,rev30,units30,price
US,B084RQKLV8,B089TVMF6J,Ceramic Headlight Restoration Kit,767497.73,43061,17.95
US,B07SHJVK4G,B0D67BNBP5,Ceramic Trim Coat Kit,255717.44,15233,16.88
US,B0B94G13CN,B0FPPKL8NX,Rapid Ceramic Paint Sealant,102834.13,5259,19.69
US,B0F45C2YHV,B0GYB3BNQD,Rapid Ceramic Tire Coat,89220.4,5996,14.95
US,B0FYRJ1966,B0H1SW5VNC,Rapid Ceramic Plastic Restorer,66462.64,4479,14.9
US,B08FF6X75N,B089TVMF6J,"Ceramic Headlight Restoration Detailer Pack, 20 ",53418.65,1077,49.95
US,B0CN8HJSYM,B0HF6JLTTZ,"Pro Ceramic Coating, 60ml",50004.7,507,99.95
US,B0DJMW6283,B0GHPTBVQK,"Microfiber Towels, 12pk",21687.01,2189,9.95
US,B0DKVZRX69,B0F7CLSLCC,Rapid Ceramic Interior Detailer,19327.86,1673,11.63
US,B0C4QX35KX,,Ceramic Trim Coat Black Plastic Restorer for Car,18247.0,464,39.95
US,B08DDGFXPK,B0D67BNBP5,Ceramic Trim Coat Black Plastic Restorer for Car,16481.69,227,74.95
US,B0C4ZVMRRK,B0FPPKL8NX,RC PAINT 32,15337.94,441,34.95
US,B0CQN1RXYB,B0F3YX7X5K,Ceramic Glass Coat Protectant,12570.75,1265,9.95
US,B0GY1XLQMS,B0GYB3BNQD,"Rapid Ceramic Tire Coat, Deep Black Tire Shine P",12077.55,322,37.95
US,B0DVV6K9Y6,B0DW3TSFP9,SOAP 32,11406.55,718,15.97
US,B08DDJ49X7,B089TVMF6J,"Ceramic Headlight Restoration Detailer Pack, Ste",10104.5,170,59.95
US,B0FW6WFX4D,,Rapid Ceramic Wheel Sealant,9266.1,582,15.95
US,B0H1NM7467,B0H1SW5VNC,"Rapid Ceramic Plastic Restorer Pro, 32oz",5811.7,217,26.95
US,B0F3G1V5SF,B0F3YX7X5K,"Ceramic Glass Coat Pro Pack, Rain Repellent, 20 ",4766.0,120,39.95
US,B0GYBH76BR,B0HF6JLTTZ,"Ceramic Coating for Wheels and Rims, Professiona",3531.05,59,59.95
US,B0DVB4P9KQ,B0DW3TSFP9,High Foam Vehicle Shampoo,3438.15,346,9.97
US,B0H1NP4461,B0H1T7P4WX,"Rapid Ceramic PPF/Vinyl Sealant, 14oz",3357.55,147,22.95
US,B0H3QLBNZF,B0HF6JLTTZ,"Pro Ceramic Coating PPF/Vinyl, 60ml",2396.7,21,114.95
US,B0DH5HKH5R,,"Premium Microfiber Applicator Pads for Cars, 3 P",2366.8,265,8.95
US,B0H3QRH9B7,B0HF6JLTTZ,"Marine Ceramic Coating, Pro",2349.67,19,124.95
US,B0DKVBTNNT,B0F7CLSLCC,"Rapid Ceramic Interior Detailer, 2pk",1808.35,92,19.96
US,B0CN8MFBLH,,"Pro Ceramic Coating for Cars, 360ml",1594.85,3,549.95
US,B0DH5ZC1N4,,"Foam Applicator Pads for Tire Coating, 3 Pack",1579.65,177,8.95
US,B0H1NDSGVJ,B0F7CLSLCC,Rapid Ceramic Interior Detailer and Protectant P,1127.1,54,20.95
US,B0CXKPY6B8,,Headlight Restoration Pro Kit,1055.55,9,119.95
US,B0F8JJM54R,,Clay Prep Mitt,843.65,51,17.95
US,B0F2JBJXYJ,B0H7WGD8YY,Cerakote Rapid Ceramic Aircraft Protective Coati,817.8,30,27.95
US,B0GZSHD4GP,,"Glass Cleaner for Cars, Streak-Free Formula, 16 ",669.72,57,11.97
US,B0H1SP98C3,B0H1T7P4WX,"Rapid Ceramic PPF/Vinyl Sealant, 32oz",639.2,16,39.95
US,B0F2JL4F2W,B0HF1D67G1,"Ceramic Car Wash Kit, 7pc",638.55,9,70.95
US,B0F3GD9G6N,B0HF1D67G1,"Car Detailing Bundle, Fully Covered 8pc",564.05,5,113.95
US,B0F3G9BC3G,B0HF1D67G1,"Ceramic Car Wash and Detailing Kit, 5 Piece",549.5,10,54.95
US,B0H51RDY69,B0HF6JLTTZ,"Aircraft Ceramic Coating, Professional 60 ml Kit",545.8,4,139.95
US,B0HCR5GFYG,,"Pro Ceramic Coating for RVs, 360ml",517.28,1,517.28
US,B0F2BFSMZT,B0HF1D67G1,"Ceramic Coating Kit for Cars, 5pc",289.9,2,144.95
US,B0F23KPC5G,B0HF1D67G1,"Car Wash & Detailing Kit, All-In 11pc",241.95,1,241.95
US,B0FX5WH19H,,"Premium Microfiber Drying Towel for Cars, 1200 G",27.95,1,27.95
CA,B084RQKLV8,B089V57R5K,Ceramic Headlight Restoration Kit,148824.12,5022,33.71
CA,B07SHJVK4G,B07Z434B8X,Ceramic Trim Coat Kit,35493.37,1319,31.18
CA,B0F45C2YHV,,Rapid Ceramic Tire Coat,19424.35,887,21.95
CA,B0B94G13CN,B0C8BZS9DK,Rapid Ceramic Paint Sealant,15693.02,548,29.86
CA,B0FYRJ1966,,Rapid Ceramic Plastic Restorer,8299.4,364,22.95
CA,B0FW6WFX4D,,Rapid Ceramic Wheel Sealant,2368.65,99,23.95
CA,B0DVB4P9KQ,,High Foam Vehicle Shampoo,1108.25,53,20.95
CA,B0DJMW6283,,"Microfiber Towels, 12pk",814.47,51,15.97
CA,B0H1NM7467,,"Rapid Ceramic Plastic Restorer Pro, 32oz",361.73,9,43.9
CA,B0H3QRH9B7,,"Marine Ceramic Coating, Pro",186.36,1,184.82
CA,B0F2JL4F2W,,"Ceramic Car Wash Kit, 7pc",105.02,1,105.02
CA,B0F8JJM54R,,Clay Prep Mitt,89.2,3,30.32
CA,B0H1NP4461,,"Rapid Ceramic PPF/Vinyl Sealant, 14oz",38.33,1,37.2
UK,B084RQKLV8,B0GTN83VCZ,Ceramic Headlight Restoration Kit,87819.63,4896,17.95
UK,B0F45C2YHV,,Rapid Ceramic Tire Coat,12724.1,913,13.95
UK,B07SHJVK4G,B08KXXDZMK,Ceramic Trim Coat Kit,8630.91,509,16.95
UK,B0B94G13CN,B0HFFCTL5Y,Rapid Ceramic Paint Sealant,4077.56,216,18.95
UK,B0FYRJ1966,,Rapid Ceramic Plastic Restorer,3360.15,225,14.95
UK,B0FW6WFX4D,,Rapid Ceramic Wheel Sealant,1704.3,114,14.95
UK,B0DKVZRX69,,Rapid Ceramic Interior Detailer,1226.4,112,10.95
UK,B0CQN1RXYB,,Ceramic Glass Coat Protectant,1087.45,91,11.95
UK,B0CN8HJSYM,,"Pro Ceramic Coating, 60ml",849.5,10,84.95
UK,B0DVB4P9KQ,,High Foam Vehicle Shampoo,460.26,36,12.95
UK,B0DJMW6283,,"Microfiber Towels, 12pk",348.25,35,9.95
DE,B0F45C2YHV,,Rapid Ceramic Tire Coat,6423.21,403,15.95
DE,B084RQKLV8,,Ceramic Headlight Restoration Kit,5883.12,295,19.95
DE,B07SHJVK4G,,Ceramic Trim Coat Kit,5818.29,306,18.95
DE,B0B94G13CN,B0C8CGBD4X,Rapid Ceramic Paint Sealant,1496.99,75,19.95
DE,B0CQN1RXYB,,Ceramic Glass Coat Protectant,538.65,45,11.95
DE,B0FYRJ1966,,Rapid Ceramic Plastic Restorer,532.37,36,14.7
DE,B0DKVZRX69,,Rapid Ceramic Interior Detailer,274.39,24,11.44
DE,B0FW6WFX4D,,Rapid Ceramic Wheel Sealant,125.72,8,15.68
DE,B0CN8HJSYM,B0DNWGJL1K,"Pro Ceramic Coating, 60ml",120.75,1,114.95
DE,B0DJMW6283,,"Microfiber Towels, 12pk",115.8,12,9.78
DE,B0DVB4P9KQ,,High Foam Vehicle Shampoo,42.16,3,13.74
FR,B084RQKLV8,,Ceramic Headlight Restoration Kit,25844.89,1129,22.95
FR,B0F45C2YHV,,Rapid Ceramic Tire Coat,1781.29,95,18.95
FR,B07SHJVK4G,,Ceramic Trim Coat Kit,1691.83,78,21.95
FR,B0B94G13CN,B0C8CXV7FT,Rapid Ceramic Paint Sealant,191.6,8,23.95
FR,B0DJMW6283,,"Microfiber Towels, 12pk",135.29,14,9.78
FR,B0CQN1RXYB,,Ceramic Glass Coat Protectant,119.6,8,14.95
FR,B0DKVZRX69,,Rapid Ceramic Interior Detailer,109.27,8,13.95
FR,B0FYRJ1966,,Rapid Ceramic Plastic Restorer,75.8,4,18.95
FR,B0DVB4P9KQ,,High Foam Vehicle Shampoo,50.85,3,16.95
FR,B0FW6WFX4D,,Rapid Ceramic Wheel Sealant,36.57,2,19.95
IT,B084RQKLV8,,Ceramic Headlight Restoration Kit,5824.69,255,22.95
IT,B0B94G13CN,B0C8CFXPM8,Rapid Ceramic Paint Sealant,1346.39,59,22.95
IT,B07SHJVK4G,,Ceramic Trim Coat Kit,614.6,28,21.95
IT,B0CQN1RXYB,,Ceramic Glass Coat Protectant,167.4,12,13.95
IT,B0FYRJ1966,,Rapid Ceramic Plastic Restorer,158.56,9,17.95
IT,B0F45C2YHV,,Rapid Ceramic Tire Coat,71.8,4,17.95
IT,B0DJMW6283,,"Microfiber Towels, 12pk",51.8,4,12.95
IT,B0DVB4P9KQ,,High Foam Vehicle Shampoo,50.85,3,16.95
IT,B0DKVZRX69,,Rapid Ceramic Interior Detailer,49.64,4,12.95
IT,B0FW6WFX4D,,Rapid Ceramic Wheel Sealant,18.95,1,18.95
ES,B084RQKLV8,,Ceramic Headlight Restoration Kit,10452.57,477,21.95
ES,B07SHJVK4G,B07SXR64X2,Ceramic Trim Coat Kit,1838.34,93,19.95
ES,B0B94G13CN,B0C8CFN87Q,Rapid Ceramic Paint Sealant,1306.22,57,22.95
ES,B0F45C2YHV,,Rapid Ceramic Tire Coat,841.81,50,16.95
ES,B0FYRJ1966,,Rapid Ceramic Plastic Restorer,389.79,22,17.95
ES,B0CQN1RXYB,,Ceramic Glass Coat Protectant,164.45,13,12.95
ES,B0FW6WFX4D,,Rapid Ceramic Wheel Sealant,53.85,3,17.95
ES,B0DKVZRX69,,Rapid Ceramic Interior Detailer,52.02,4,12.95
ES,B0DJMW6283,,"Microfiber Towels, 12pk",24.1,2,11.95
ES,B0DVB4P9KQ,,High Foam Vehicle Shampoo,16.21,1,15.95
NL,B084RQKLV8,,Ceramic Headlight Restoration Kit,4986.1,238,20.95
NL,B07SHJVK4G,,Ceramic Trim Coat Kit,1835.4,92,19.95
NL,B0F45C2YHV,,Rapid Ceramic Tire Coat,406.8,24,16.95
NL,B0FYRJ1966,,Rapid Ceramic Plastic Restorer,220.35,13,16.95
NL,B0CQN1RXYB,,Ceramic Glass Coat Protectant,220.15,17,12.95
NL,B0B94G13CN,B0F2MYMWBH,Rapid Ceramic Paint Sealant,125.7,6,20.95
NL,B0DKVZRX69,,Rapid Ceramic Interior Detailer,90.65,7,12.95
NL,B0DJMW6283,,"Microfiber Towels, 12pk",23.9,2,11.95
NL,B0FW6WFX4D,,Rapid Ceramic Wheel Sealant,17.95,1,17.95
AU,B084RQKLV8,B08CDXP2ZQ,Ceramic Headlight Restoration Kit,42502.25,1251,33.95
AU,B07SHJVK4G,B0819BGBSV,Ceramic Trim Coat Kit,11466.6,348,32.95
AU,B0F45C2YHV,,Rapid Ceramic Tire Coat,3326.05,119,27.95
AU,B0B94G13CN,,Rapid Ceramic Paint Sealant,2310.14,68,33.95
AU,B0FYRJ1966,,Rapid Ceramic Plastic Restorer,2068.3,74,27.95
AU,B0CQN1RXYB,,Ceramic Glass Coat Protectant,1229.2,56,21.95
AU,B0DKVZRX69,,Rapid Ceramic Interior Detailer,768.25,35,21.95
AU,B0FW6WFX4D,,Rapid Ceramic Wheel Sealant,509.15,17,29.95
AU,B0DVB4P9KQ,,High Foam Vehicle Shampoo,503.1,18,27.95
AU,B0DJMW6283,,"Microfiber Towels, 12pk",377.1,18,20.95
AU,B0CN8HJSYM,,"Pro Ceramic Coating, 60ml",359.9,2,179.95
