account,sku,units_per_box,source
CC_US,AH-810A,14,Seller Central case pack 2026-09-28
CC_US,AH-811A,14,Seller Central case pack 2026-09-28
CC_US,AH-813A,30,Seller Central case pack 2026-09-28
CC_US,AH-828A,30,Seller Central case pack 2026-09-28
CC_US,AH-BNDL-ALLINA,1,Seller Central case pack 2026-09-28
CC_US,AH-BNDL-COREA,1,Seller Central case pack 2026-09-28
CC_US,AH-BNDL-FNDTNA,1,Seller Central case pack 2026-09-28
CC_US,AH-BNDL-PROA,1,Seller Central case pack 2026-09-28
CC_US,AH-CLAYMITTA,100,Seller Central case pack 2026-09-28
CC_US,AH-FOAMAPP3,120,Seller Central case pack 2026-09-28
CC_US,AH-GCLEAN-B16A,20,Seller Central case pack 2026-09-28
CC_US,AH-GLASSCOATA,150,Seller Central case pack 2026-09-28
CC_US,AH-HLKITA,105,Seller Central case pack 2026-09-28
CC_US,AH-MFDRYTWLA,25,Seller Central case pack 2026-09-28
CC_US,AH-MICRTOWEL12A,40,Seller Central case pack 2026-09-28
CC_US,AH-PROACKITA,8,Seller Central case pack 2026-09-28
CC_US,AH-PROMARKITA,8,Seller Central case pack 2026-09-28
CC_US,AH-PROPAINTKITA,8,Seller Central case pack 2026-09-28
CC_US,AH-PROPVKITA,8,Seller Central case pack 2026-09-28
CC_US,AH-PROWHLKITA,16,Seller Central case pack 2026-09-28
CC_US,AH-RCACA,20,Seller Central case pack 2026-09-28
CC_US,AH-RCINT-QA,20,Seller Central case pack 2026-09-28
CC_US,AH-RCINT14-2PA,12,Seller Central case pack 2026-09-28
CC_US,AH-RCINT14A,20,Seller Central case pack 2026-09-28
